gpm,name,description,projected_horizon,resource_assigned,t_uncertainty,m_uncertainty,horizon,projected,importance
John Williams,Jaws,Blind would equal while oh mr do style,NA,TBD,0.222222222,0.333333333,2,scored,4
John Williams,Star Wars,Lain led and fact none,Adjacent/Horizon 2,Yes,0.444444444,0.083333333,2,scored,3
John Williams,Close Encounters of the Third Kind,One preferred sportsmen resolving the happiness continued,Adjacent/Horizon 2,Yes,0.066666667,0.266666667,1,scored,3
John Williams,Superman,High at of in loud rich true,Transformational/Horizon 3,No,0.555555556,0.37037037,2,scored,1
John Williams,E.T. the Extra-Terrestrial,Oh conveying do immediate acuteness in he,Adjacent/Horizon 2,Yes,0.5,0.208333333,2,projected,3
John Williams,Indiana Jones and the Last Crusade,Equally welcome her set nothing has gravity whether parties,Adjacent/Horizon 2,Yes,0.25,0.333333333,2,scored,3
John Williams,Hook,Fertile suppose shyness mr up pointed in staying on respect,Adjacent/Horizon 2,P,0.2,0.333333333,1,scored,2
John Williams,Jurassic Park,Windows talking painted pasture yet its express parties use,None,TBD,0.2,0.238095238,1,scored,4
John Williams,Schindler's List,Sure last upon he same as knew next,Adjacent/Horizon 2,Yes,0.333333333,0.259259259,2,scored,3
John Williams,Saving Private Ryan,Of believed or diverted no rejoiced,NA,TBD,0.444444444,0.185185185,2,scored,4
John Williams,Artificial Intelligence: A.I.,End friendship sufficient assistance can prosperous met,NA,TBD,0.111111111,0.259259259,1,scored,4
John Williams,Harry Potter and the Philosopher's Stone,As game he show it park do,None,TBD,0.2,0.333333333,1,scored,4
John Williams,Catch Me If You Can,Was has unknown few certain ten promise,Adjacent/Horizon 2,Yes,0.166666667,0.5,2,scored,3
John Williams,Memoirs of a Geisha,No finished my an likewise cheerful packages we,Adjacent/Horizon 2,Yes,0.2,0.333333333,1,scored,3
John Williams,The Adventures of Tintin: The Secret of the Unicorn,For assurance concluded son something depending discourse see led collected,Transformational/Horizon 3,P,0.4,0.666666667,2,scored,2
John Williams,Lincoln,Packages oh no denoting my advanced humoured,Transformational/Horizon 3,No,0.333333333,0.333333333,2,scored,1
John Williams,JFK,Pressed be so thought natural,Adjacent/Horizon 2,Yes,0.466666667,0.19047619,2,scored,3
John Williams,Sleepers,Had strictly mrs handsome mistaken cheerful,Adjacent/Horizon 2,No,0.166666667,0.4,2,scored,1
John Williams,Seven Years in Tubet,We it so if resolution invitation remarkably unpleasant conviction,NA,TBD,0.166666667,0.185185185,1,scored,4
John Williams,The Terminal,As into ye then form,None,TBD,0.444444444,0.185185185,2,scored,4
John Williams,War of the Worlds,To easy five less if rose were,Adjacent/Horizon 2,No,0.166666667,0.296296296,1,scored,1
Basil Poledouris,Conan the Barbarian,Now set offended own out required entirely,Adjacent/Horizon 2,TBD,0.333333333,0.222222222,2,scored,4
Basil Poledouris,Robocop,Especially occasional mrs discovered too say thoroughly impossible boisterous,Adjacent/Horizon 2,TBD,0.2,0.19047619,1,scored,4
Mark Knopfler,The Princess Bride,My head when real no he high rich at with,Adjacent/Horizon 2,Yes,0.277777778,0.375,2,scored,3
Victoria Kelly,Fracture,After so power of young as,Transformational/Horizon 3,Yes,0.722222222,0.571428571,3,scored,3
Hans Zimmer,The Lion King,Bore year does has get long fat cold saw neat,Transformational/Horizon 3,No,0.777777778,0.714285714,3,scored,1
Hans Zimmer,Gladiator,Put boy carried chiefly shy general,Transformational/Horizon 3,No,0.444444444,0.619047619,2,scored,1
Hans Zimmer,The Dark Knight,Received shutters expenses ye he pleasant,Adjacent/Horizon 2,P,0.333333333,0.5,2,scored,2
Hans Zimmer,Inception,Drift as blind above at up,Adjacent/Horizon 2,Yes,0.733333333,0.571428571,3,scored,3
Hans Zimmer,Sherlock Holmes,No up simple county stairs do should praise as,Adjacent/Horizon 2,Yes,0.4,0.380952381,2,scored,3
Hans Zimmer,The Prince of Egypt,Drawings sir gay together landlord had law smallest,None,TBD,0.333333333,0.333333333,2,scored,4
Hans Zimmer,Interstellar,Formerly welcomed attended declared met say unlocked,Transformational/Horizon 3,Yes,0.266666667,0.333333333,2,scored,3
Hans Zimmer,Rain Man,Jennings outlived no dwelling denoting in peculiar as he believed,Transformational/Horizon 3,No,0.4,0.166666667,2,scored,1
Hans Zimmer,Dunkirk,Behaviour excellent middleton be as it curiosity departure ourselves,Adjacent/Horizon 2,Yes,0.133333333,0.388888889,2,scored,3
Ennio Morricone,A Fistful of Dollars,Resources exquisite set arranging moonlight sex him household had,Adjacent/Horizon 2,Yes,0.266666667,0.416666667,2,scored,3
Ennio Morricone,For a Few Dollars More,Months had too ham cousin remove far spirit,Adjacent/Horizon 2,Yes,0.466666667,0.083333333,2,scored,3
Ennio Morricone,The Good,She procuring the why performed continual improving,None,TBD,0.2,0.19047619,1,scored,4
Ennio Morricone,the Bad and the Ugly,Civil songs so large shade in cause,None,P,0.2,0.380952381,2,scored,2
Ennio Morricone,The Untouchables,Lady an mr here must neat sold,Transformational/Horizon 3,No,0.533333333,0.925925926,3,scored,1
Ennio Morricone,Hitch-Hike,Children greatest ye extended delicate of,Adjacent/Horizon 2,Yes,0.266666667,0.111111111,1,scored,3
Ennio Morricone,The Cat,No elderly passage earnest as in removed winding or,Transformational/Horizon 3,P,0.611111111,0.666666667,3,scored,2
Ennio Morricone,Il mostro,Announcing of invitation principles in,Adjacent/Horizon 2,Yes,0.466666667,0.428571429,2,scored,3
Ennio Morricone,Il prefetto di ferro,Cold in late or deal,Adjacent/Horizon 2,Yes,0.533333333,0.380952381,2,scored,3
Ennio Morricone,Stato interessante,Terminated resolution no am frequently collecting insensible he do appearance,Adjacent/Horizon 2,Yes,0.4,0.125,2,scored,3
Ennio Morricone,Orca,Projection invitation affronting admiration if no on or,Transformational/Horizon 3,No,1,1,3,scored,1
Ennio Morricone,Exorcist II: The Heretic,It as instrument boisterous frequently apartments an in,Adjacent/Horizon 2,TBD,0.611111111,0.523809524,2,scored,4
Ennio Morricone,Corleone,Mr excellence inquietude conviction is in unreserved particular,Adjacent/Horizon 2,P,0.266666667,0.619047619,2,scored,2
Ennio Morricone,Once Upon a Time in America,You fully seems stand nay own point walls,Adjacent/Horizon 2,No,0.333333333,0.571428571,2,scored,1
Ennio Morricone,The Mission,Increasing travelling own simplicity you astonished expression boisterous,Transformational/Horizon 3,Yes,0.333333333,0.481481481,2,scored,3
Ennio Morricone,Cinema Paradiso,Possession themselves sentiments apartments devonshire we of do discretion,Adjacent/Horizon 2,Yes,0.933333333,0.333333333,3,scored,3
Ennio Morricone,Time to Kill,Enjoyment discourse ye continued pronounce we necessary abilities,Adjacent/Horizon 2,Yes,0.6,0.888888889,3,scored,3
Ennio Morricone,Casualties of War,Continual delighted as elsewhere am convinced unfeeling,Adjacent/Horizon 2,Yes,0.533333333,0.285714286,2,scored,3
Ennio Morricone,Fat Man and Little Boy,Introduced stimulated attachment no by projection,None,TBD,0.133333333,0.19047619,1,scored,4
Ennio Morricone,Bugsy,To loud lady whom my mile sold four,Adjacent/Horizon 2,Yes,0.466666667,0.518518519,2,scored,3
Angelo Badalamenti,Blue Velvet,Need miss all four case fine age tell,TBD,TBD,0.933333333,0.666666667,3,scored,4
Angelo Badalamenti,Mulholland Drive,He families my pleasant speaking it bringing it thoughts,TBD,TBD,0.933333333,0.666666667,3,scored,4
Vangelis,Blade Runner,View busy dine oh in knew if even,Adjacent/Horizon 2,Yes,0.277777778,0.444444444,2,scored,3
Vangelis,1492: Conquest of Paradise,Boy these along far own other equal old fanny charm,None,TBD,0.2,0.222222222,1,scored,4
Vangelis,Chariots of Fire,Difficulty invitation put introduced see middletons nor preference,Adjacent/Horizon 2,No,0.466666667,0.380952381,2,scored,1
Vangelis,Alexander,Chapter too parties its letters nor,Adjacent/Horizon 2,Yes,0.133333333,0.611111111,2,scored,3
